population.ID,taxon,species,sex.determination,sex.det.source,birth.sex.ratio,juvenile.sex.ratio,adult.sex.ratio,matur.male,matur.female,mortality.male,mortality.female,N.babies,N.juveniles,N.adults,reference.ID
1,lizards,Acanthodactylus_erythrurus,GSD,species.in.TreeOfSex,,0.579,0.590,1.3,1.3,0.851,0.816,,114,166,1039
3,turtles,Actinemys_marmorata,TSD,species.in.TreeOfSex,,,0.514,,,,,,,37,520
13,turtles,Actinemys_marmorata,TSD,species.in.TreeOfSex,,,0.539,,,,,,,456,524
9,turtles,Actinemys_marmorata,TSD,species.in.TreeOfSex,,,0.620,,,,,,,221,525
10,turtles,Actinemys_marmorata,TSD,species.in.TreeOfSex,,,0.595,,,,,,,79,526
11,turtles,Actinemys_marmorata,TSD,species.in.TreeOfSex,,,0.698,,,,,,,86,526
12,turtles,Actinemys_marmorata,TSD,species.in.TreeOfSex,,,0.413,,,,,,,281,526
4,turtles,Actinemys_marmorata,TSD,species.in.TreeOfSex,,,0.696,,,,,,,102,527
14,turtles,Actinemys_marmorata,TSD,species.in.TreeOfSex,,,0.517,,,,,,,292,528
6,turtles,Actinemys_marmorata,TSD,species.in.TreeOfSex,,,0.529,,,,,,,17,529
2,turtles,Actinemys_marmorata,TSD,species.in.TreeOfSex,,,0.402,4.0,8.0,0.011,0.006,,,241,531
5,turtles,Actinemys_marmorata,TSD,species.in.TreeOfSex,,,0.679,,,,,,,131,532
7,turtles,Actinemys_marmorata,TSD,species.in.TreeOfSex,,,0.841,,,,,,,52,537
8,turtles,Actinemys_marmorata,TSD,species.in.TreeOfSex,,,0.573,,,,,,,82,"518,  519"
15,lizards,Agama_agama,TSD,species.in.TreeOfSex,,,0.453,,,,,,,53,1018
16,lizards,Agama_impalearis,TSD,species.in.TreeOfSex,,0.547,0.614,1.0,1.0,,,,148,277,1019
17,snakes,Agkistrodon_piscivorus,GSD,genus.or.family.in.TreeOfSex,,,0.477,,,,,,,132,208
18,snakes,Agkistrodon_piscivorus,GSD,genus.or.family.in.TreeOfSex,,,,1.9,3.0,,,,,,m8
2032b,turtles,Aldabrachelys_gigantea,TSD,species.in.TreeOfSex,0.486,,0.435,20.0,17.0,,,37,,,"2032, 2033"
2033a,turtles,Aldabrachelys_gigantea,TSD,species.in.TreeOfSex,0.488,,0.365,26.0,23.0,,,43,,,"2032, 2033"
22,crocs,Alligator_mississippiensis,TSD,species.in.TreeOfSex,,0.580,,,,,,,2936,,341
20,crocs,Alligator_mississippiensis,TSD,species.in.TreeOfSex,,0.688,0.490,,,,,,1834,3372,359
19,crocs,Alligator_mississippiensis,TSD,species.in.TreeOfSex,,0.607,0.472,,,,,,1700,123,361
21,crocs,Alligator_mississippiensis,TSD,species.in.TreeOfSex,0.281,0.598,0.684,6.0,8.0,,,6225,1571,57,"346, m1"
24,crocs,Alligator_mississippiensis,TSD,species.in.TreeOfSex,0.252,,,,,,,,,,"350, 351"
23,crocs,Alligator_mississippiensis,TSD,species.in.TreeOfSex,,0.638,,10.0,13.0,,,,4151,,"354, m1"
25,crocs,Alligator_mississippiensis,TSD,species.in.TreeOfSex,,,,11.6,15.8,,,,,,m7
26,lizards,Amblyrhynchus_cristatus,GSD,genus.or.family.in.TreeOfSex,0.488,,0.506,7.0,4.0,0.210,0.166,1042,,917,"v14, v15"
27,lizards,Ameiva_erythrocephala,GSD,genus.or.family.in.TreeOfSex,,,0.278,,,,,,,18,6
28,lizards,Ameiva_quadrilineata,GSD,genus.or.family.in.TreeOfSex,,,0.417,0.3,0.1,,,,,863,341g
30,lizards,Amphibolurus_muricatus,TSD,species.in.TreeOfSex,0.591,,,,,,,22,,,1020
29,lizards,Amphibolurus_muricatus,TSD,species.in.TreeOfSex,,,0.565,,,,,,,23,1053
32,lizards,Anolis_angusticeps,GSD,genus.or.family.in.TreeOfSex,,,0.463,,,0.545,0.500,,,23,"v2, v2new"
31,lizards,Anolis_angusticeps,GSD,genus.or.family.in.TreeOfSex,,,0.444,,,0.750,1.000,,,10,"v2, v2new"
33,lizards,Anolis_carolinensis,GSD,species.in.TreeOfSex,,,0.474,,,,,,,274,9
34,lizards,Anolis_carolinensis,GSD,genus.or.family.in.TreeOfSex,,,,2.0,1.0,,,,,,m29
35,lizards,Anolis_cupreus,GSD,genus.or.family.in.TreeOfSex,,,0.435,1.0,1.0,0.959,0.958,,,168,mod.dec17
36,lizards,Anolis_cybotes,GSD,genus.or.family.in.TreeOfSex,,,0.400,,,,,,,45,14
37,lizards,Anolis_distichus,GSD,species.in.TreeOfSex,,,0.571,,,0.667,0.833,,,12,"v2, v2new"
38,lizards,Anolis_distichus,GSD,species.in.TreeOfSex,,,0.545,,,0.821,0.810,,,49,"v2, v2new"
39,lizards,Anolis_equestris,GSD,genus.or.family.in.TreeOfSex,,,0.565,,,,,,,62,18
40,lizards,Anolis_equestris,GSD,genus.or.family.in.TreeOfSex,,,,1.0,0.7,,,,,,m37
41,lizards,Anolis_garmani,GSD,genus.or.family.in.TreeOfSex,,,0.445,0.2,0.5,,,,,1174,20
42,lizards,Anolis_limifrons,GSD,genus.or.family.in.TreeOfSex,,,0.559,0.3,0.3,0.952,0.965,,,383,new1
43,lizards,Anolis_limifrons,GSD,genus.or.family.in.TreeOfSex,,,0.522,,,,,,,634,v1
44,lizards,Anolis_limifrons,GSD,genus.or.family.in.TreeOfSex,,,0.418,,,,,,,349,v1
45,lizards,Anolis_limifrons,GSD,genus.or.family.in.TreeOfSex,,,0.469,,,,,,,439,v1
46,lizards,Anolis_limifrons,GSD,genus.or.family.in.TreeOfSex,,,0.526,,,,,,,291,v1
47,lizards,Anolis_limifrons,GSD,genus.or.family.in.TreeOfSex,,,0.543,,,,,,,278,v1
48,lizards,Anolis_lineatopus,GSD,genus.or.family.in.TreeOfSex,0.500,0.499,,,,,,56,,,v3
49,lizards,Anolis_mariarum,GSD,genus.or.family.in.TreeOfSex,,,0.720,,,0.788,0.870,,,100,g20
50,lizards,Anolis_mariarum,GSD,genus.or.family.in.TreeOfSex,,,0.576,,,0.808,0.882,,,99,g20
51,lizards,Anolis_mariarum,GSD,genus.or.family.in.TreeOfSex,,,,0.2,0.3,,,,,,"m16, m45"
52,lizards,Anolis_nebulosus,GSD,species.in.TreeOfSex,,,0.495,,,,,,,297,27
53,lizards,Anolis_nebulosus,GSD,species.in.TreeOfSex,,,,0.6,0.8,,,,,,m20
54,lizards,Anolis_sagrei,GSD,genus.or.family.in.TreeOfSex,0.520,,,,,,,527,,,na1
55,lizards,Anolis_sagrei,GSD,genus.or.family.in.TreeOfSex,,,0.475,,,0.750,0.727,,,19,"v2, v2new"
56,lizards,Anolis_sagrei,GSD,genus.or.family.in.TreeOfSex,,,0.433,,,0.705,0.627,,,144,"v2, v2new"
57,lizards,Anolis_sagrei,GSD,genus.or.family.in.TreeOfSex,,,0.410,0.7,0.6,0.944,0.920,,,141,"v2, v2new, m2"
58,lizards,Anolis_schwartzi,GSD,genus.or.family.in.TreeOfSex,,,0.398,,,,,,,211,34
59,turtles,Apalone_spinifera,GSD,Badenhorst_et_al._2013._Chromosome_Research,,,0.641,,,,,,,43,139
61,turtles,Apalone_spinifera,GSD,Badenhorst_et_al._2013._Chromosome_Research,,,0.576,,,,,,,33,481
63,turtles,Apalone_spinifera,GSD,Badenhorst_et_al._2013._Chromosome_Research,,,0.670,,,,,,,327,547
62,turtles,Apalone_spinifera,GSD,Badenhorst_et_al._2013._Chromosome_Research,,,0.598,,,,,,,107,556
60,turtles,Apalone_spinifera,GSD,Badenhorst_et_al._2013._Chromosome_Research,,,0.667,4.5,12.5,0.655,0.625,,,,"37, m3"
64,lizards,Basiliscus_vittatus,GSD,genus.or.family.in.TreeOfSex,,0.491,0.374,0.4,0.4,,,,747,305,mod24
65,snakes,Boa_constrictor,GSD,genus.or.family.in.TreeOfSex,,,0.528,,,,,,,106,207
66,crocs,Caiman_crocodilus,TSD,species.in.TreeOfSex,,0.684,0.618,,,,,,38,34,254
67,crocs,Caiman_crocodilus,TSD,species.in.TreeOfSex,,,,7.0,7.0,,,,,,m11
68,crocs,Caiman_latirostris,TSD,species.in.TreeOfSex,0.286,,,,,,,1284,,,290
69,crocs,Caiman_latirostris,TSD,species.in.TreeOfSex,,0.750,0.500,,,,,,28,8,293
70,crocs,Caiman_latirostris,TSD,species.in.TreeOfSex,,,,10.0,9.0,,,,,,"m9, m44"
71,crocs,Caiman_yacare,TSD,Mitchell_et_al._2006._Frontiers_in_Zoology,0.376,,,,,,,,,,239
81,turtles,Caretta_caretta,TSD,species.in.TreeOfSex,,0.326,,,,,,,89,,39
80,turtles,Caretta_caretta,TSD,species.in.TreeOfSex,,0.333,0.129,,,,,,18,31,40
79,turtles,Caretta_caretta,TSD,species.in.TreeOfSex,,0.333,,,,,,,207,,146
74,turtles,Caretta_caretta,TSD,species.in.TreeOfSex,0.335,,,,,,,510,,,387
87,turtles,Caretta_caretta,TSD,species.in.TreeOfSex,0.607,,,,,,,28,,,389
72,turtles,Caretta_caretta,TSD,species.in.TreeOfSex,0.638,,,,,,,,,,390
76,turtles,Caretta_caretta,TSD,species.in.TreeOfSex,,,0.455,,,,,,,176,392
83,turtles,Caretta_caretta,TSD,species.in.TreeOfSex,0.184,,,,,,,,,,395
84,turtles,Caretta_caretta,TSD,species.in.TreeOfSex,,,0.640,,,,,,,72,399
86,turtles,Caretta_caretta,TSD,species.in.TreeOfSex,0.230,,,,,,,421,,,400
82,turtles,Caretta_caretta,TSD,species.in.TreeOfSex,,,0.485,,,,,,,97,409
85,turtles,Caretta_caretta,TSD,species.in.TreeOfSex,,,0.600,,,,,,,45,409
77,turtles,Caretta_caretta,TSD,species.in.TreeOfSex,0.510,,,,,,,100,,,413
78,turtles,Caretta_caretta,TSD,species.in.TreeOfSex,0.389,,,,,,,90,,,413
73,turtles,Caretta_caretta,TSD,species.in.TreeOfSex,,0.750,0.713,,,0.125,0.125,,184,87,145mort
75,turtles,Caretta_caretta,TSD,species.in.TreeOfSex,0.052,0.318,0.538,,,,,57984,22,586,"402, 388, 391"
88,turtles,Caretta_caretta,TSD,species.in.TreeOfSex,,,,33.3,30.4,,,,,,m42
89,turtles,Carettochelys_insculpta,TSD,species.in.TreeOfSex,0.273,,,,,,,44,,,377
90,turtles,Carettochelys_insculpta,TSD,species.in.TreeOfSex,0.500,,,,,,,46,,,378
92,turtles,Carettochelys_insculpta,TSD,species.in.TreeOfSex,,,0.542,,,,,,,24,379
91,turtles,Carettochelys_insculpta,TSD,species.in.TreeOfSex,0.307,,,,,,,202,,,380
93,snakes,Cerberus_schneiderii,GSD,genus.or.family.in.TreeOfSex,,,0.510,,,,,,,914,209
95,turtles,Chelodina_longicollis,GSD,species.in.TreeOfSex,0.525,,,,,,,59,,,g54
96,turtles,Chelodina_longicollis,GSD,species.in.TreeOfSex,,,,7.0,10.5,,,,,,m40
94,turtles,Chelodina_longicollis,GSD,species.in.TreeOfSex,,,0.570,,,,,,,500,v8
98,turtles,Chelonia_mydas,TSD,species.in.TreeOfSex,,0.371,,,,,,,342,,143
109,turtles,Chelonia_mydas,TSD,species.in.TreeOfSex,,0.364,,,,,,,66,,153
110,turtles,Chelonia_mydas,TSD,species.in.TreeOfSex,,0.290,,,,,,,434,,153
106,turtles,Chelonia_mydas,TSD,species.in.TreeOfSex,0.212,,,,,,,,,,395
105,turtles,Chelonia_mydas,TSD,species.in.TreeOfSex,0.560,,,,,,,,,,417
101,turtles,Chelonia_mydas,TSD,species.in.TreeOfSex,,,0.529,,,,,,,242,428
108,turtles,Chelonia_mydas,TSD,species.in.TreeOfSex,,0.300,,,,,,,75,,429
107,turtles,Chelonia_mydas,TSD,species.in.TreeOfSex,,0.200,,,,,,,75,,430
97,turtles,Chelonia_mydas,TSD,species.in.TreeOfSex,,0.305,,,,,,,128,,431
100,turtles,Chelonia_mydas,TSD,species.in.TreeOfSex,,0.370,0.362,,,,,,738,620,432
102,turtles,Chelonia_mydas,TSD,species.in.TreeOfSex,0.260,,,,,,,96,,,437
104,turtles,Chelonia_mydas,TSD,species.in.TreeOfSex,0.104,,,,,,,146,,,439
99,turtles,Chelonia_mydas,TSD,species.in.TreeOfSex,,,0.604,,,,,,,235,141mort
103,turtles,Chelonia_mydas,TSD,species.in.TreeOfSex,0.334,,,,,,,769,,,"418, 421"
111,turtles,Chelonia_mydas,TSD,species.in.TreeOfSex,,,,40.4,43.5,,,,,,m30
116,turtles,Chelydra_serpentina,TSD,species.in.TreeOfSex,,,0.529,,,,,,,34,42
119,turtles,Chelydra_serpentina,TSD,species.in.TreeOfSex,,,0.578,,,,,,,230,43
115,turtles,Chelydra_serpentina,TSD,species.in.TreeOfSex,,,0.636,,,,,,,22,206
120,turtles,Chelydra_serpentina,TSD,species.in.TreeOfSex,,,0.854,,,,,,,41,476
121,turtles,Chelydra_serpentina,TSD,species.in.TreeOfSex,,,0.662,,,,,,,71,477
125,turtles,Chelydra_serpentina,TSD,species.in.TreeOfSex,,,0.423,,,,,,,52,477
122,turtles,Chelydra_serpentina,TSD,species.in.TreeOfSex,,,0.583,,,0.056,0.056,,,571,479
128,turtles,Chelydra_serpentina,TSD,species.in.TreeOfSex,0.730,,,,,,,359,,,484
126,turtles,Chelydra_serpentina,TSD,species.in.TreeOfSex,0.500,,,,,,,,,,486
117,turtles,Chelydra_serpentina,TSD,species.in.TreeOfSex,,,0.484,,,0.030,0.020,,,91,493
113,turtles,Chelydra_serpentina,TSD,species.in.TreeOfSex,,,0.477,,,,,,,86,494
112,turtles,Chelydra_serpentina,TSD,species.in.TreeOfSex,,,0.464,,,0.060,0.070,,,166,500
124,turtles,Chelydra_serpentina,TSD,species.in.TreeOfSex,,,0.691,,,,,,,152,547
118,turtles,Chelydra_serpentina,TSD,species.in.TreeOfSex,,,0.643,,,,,,,,548
123,turtles,Chelydra_serpentina,TSD,species.in.TreeOfSex,,,0.851,,,,,,,87,556
114,turtles,Chelydra_serpentina,TSD,species.in.TreeOfSex,,,0.810,,,,,,,126,559
127,turtles,Chelydra_serpentina,TSD,species.in.TreeOfSex,0.154,,,,,,,280,,,"482, 483"
129,turtles,Chelydra_serpentina,TSD,species.in.TreeOfSex,,,,4.5,7.5,,,,,,m36
130,lizards,Chlamydosaurus_kingii,TSD,species.in.TreeOfSex,,,0.634,1.3,1.9,,,,,215,1021
131,lizards,Christinus_marmoratus,GSD,species.in.TreeOfSex,,,0.540,,,,,,,137,1037
132,lizards,Christinus_marmoratus,GSD,species.in.TreeOfSex,,,0.506,,,,,,,83,1037
153,turtles,Chrysemys_picta,TSD,species.in.TreeOfSex,,,0.513,,,,,,,156,43
150,turtles,Chrysemys_picta,TSD,species.in.TreeOfSex,,,0.552,,,,,,,480,46
133,turtles,Chrysemys_picta,TSD,species.in.TreeOfSex,,,0.582,,,,,,,55,210
138,turtles,Chrysemys_picta,TSD,species.in.TreeOfSex,,,0.362,,,,,,,58,210
141,turtles,Chrysemys_picta,TSD,species.in.TreeOfSex,,,0.472,,,,,,,36,210
145,turtles,Chrysemys_picta,TSD,species.in.TreeOfSex,,,0.550,,,,,,,100,210
154,turtles,Chrysemys_picta,TSD,species.in.TreeOfSex,,,0.631,,,,,,,157,476
143,turtles,Chrysemys_picta,TSD,species.in.TreeOfSex,,,0.470,,,,,,,83,481
144,turtles,Chrysemys_picta,TSD,species.in.TreeOfSex,,,0.630,,,,,,,27,481
158,turtles,Chrysemys_picta,TSD,species.in.TreeOfSex,,,0.719,,,,,,,89,547
149,turtles,Chrysemys_picta,TSD,species.in.TreeOfSex,,,0.730,,,,,,,,548
148,turtles,Chrysemys_picta,TSD,species.in.TreeOfSex,,,0.300,,,,,,,257,549
157,turtles,Chrysemys_picta,TSD,species.in.TreeOfSex,,,0.835,,,,,,,786,556
140,turtles,Chrysemys_picta,TSD,species.in.TreeOfSex,,,0.559,,,,,,,34,559
160,turtles,Chrysemys_picta,TSD,species.in.TreeOfSex,0.607,,,,,,,,,,570
139,turtles,Chrysemys_picta,TSD,species.in.TreeOfSex,,,0.504,,,,,,,141,572
155,turtles,Chrysemys_picta,TSD,species.in.TreeOfSex,,,0.564,,,,,,,479,576
142,turtles,Chrysemys_picta,TSD,species.in.TreeOfSex,,,0.539,4.0,7.0,0.044,0.037,,,399,578
152,turtles,Chrysemys_picta,TSD,species.in.TreeOfSex,,,0.592,,,,,,,71,579
137,turtles,Chrysemys_picta,TSD,species.in.TreeOfSex,,,0.512,,,,,,,125,584
156,turtles,Chrysemys_picta,TSD,species.in.TreeOfSex,,,0.576,3.0,7.0,,,,,125,585
147,turtles,Chrysemys_picta,TSD,species.in.TreeOfSex,,,0.495,,,,,,,,586
159,turtles,Chrysemys_picta,TSD,species.in.TreeOfSex,,,0.450,,,,,,,,588
136,turtles,Chrysemys_picta,TSD,species.in.TreeOfSex,,,0.676,3.0,8.5,,,,,114,589
134,turtles,Chrysemys_picta,TSD,species.in.TreeOfSex,,,0.725,2.0,6.5,,,,,79,589
161,turtles,Chrysemys_picta,TSD,species.in.TreeOfSex,,,0.227,,,,,,,,685
151,turtles,Chrysemys_picta,TSD,species.in.TreeOfSex,,,,4.5,10.0,,,,,,687
135,turtles,Chrysemys_picta,TSD,species.in.TreeOfSex,,,0.547,,,0.222,0.222,,,503,732
146,turtles,Chrysemys_picta,TSD,species.in.TreeOfSex,,,0.495,,,,,,,839,"44, 212"
162,turtles,Chrysemys_picta,TSD,species.in.TreeOfSex,0.124,,0.295,,,,,210,,78,"574, 571"
169,turtles,Clemmys_guttata,TSD,species.in.TreeOfSex,,,0.207,,,,,,,29,154
168,turtles,Clemmys_guttata,TSD,species.in.TreeOfSex,,,0.518,11.0,12.0,0.058,0.035,,,166,155
163,turtles,Clemmys_guttata,TSD,species.in.TreeOfSex,,,0.447,,,,,,,38,593
165,turtles,Clemmys_guttata,TSD,species.in.TreeOfSex,,,0.436,,,,,,,140,595
167,turtles,Clemmys_guttata,TSD,species.in.TreeOfSex,,,0.517,,,,,,,,596
166,turtles,Clemmys_guttata,TSD,species.in.TreeOfSex,,,0.460,,,,,,,50,598
164,turtles,Clemmys_guttata,TSD,species.in.TreeOfSex,,,,,,0.079,0.022,,,31,733
170,snakes,Coluber_constrictor,GSD,genus.or.family.in.TreeOfSex,,,0.587,,,,,,,271,211
173,snakes,Coluber_constrictor,GSD,genus.or.family.in.TreeOfSex,,,,1.2,3.0,,,,,,m18
172,snakes,Coluber_constrictor,GSD,genus.or.family.in.TreeOfSex,,,,0.9,2.0,,,,,,m18
171,snakes,Coluber_constrictor,GSD,genus.or.family.in.TreeOfSex,,,,1.0,2.5,,,,,,m18
178,crocs,Crocodylus_acutus,TSD,species.in.TreeOfSex,,0.586,0.405,,,,,,70,37,51
179,crocs,Crocodylus_acutus,TSD,species.in.TreeOfSex,0.657,,,,,,,137,,,262
177,crocs,Crocodylus_acutus,TSD,species.in.TreeOfSex,,0.816,0.619,,,,,,76,21,271
175,crocs,Crocodylus_acutus,TSD,species.in.TreeOfSex,0.593,0.775,0.792,,,,,204,172,32,273
176,crocs,Crocodylus_acutus,TSD,species.in.TreeOfSex,,0.848,0.182,,,,,,46,11,274
174,crocs,Crocodylus_acutus,TSD,species.in.TreeOfSex,,0.541,0.541,,,,,,101,24,276
180,crocs,Crocodylus_acutus,TSD,species.in.TreeOfSex,,,0.610,,,,,,,,278
181,crocs,Crocodylus_johnstoni,TSD,species.in.TreeOfSex,0.182,,,,,,,236,,,300
183,crocs,Crocodylus_johnstoni,TSD,species.in.TreeOfSex,0.449,,,,,,,285,,,300
182,crocs,Crocodylus_johnstoni,TSD,species.in.TreeOfSex,,0.376,0.287,17.0,12.0,,,,526,265,301
185,crocs,Crocodylus_moreletii,TSD,species.in.TreeOfSex,,0.626,0.789,,,,,,754,185,52
186,crocs,Crocodylus_moreletii,TSD,species.in.TreeOfSex,,0.600,0.500,,,,,,55,28,264
184,crocs,Crocodylus_moreletii,TSD,species.in.TreeOfSex,,0.749,0.817,,,,,,1091,262,284
188,crocs,Crocodylus_niloticus,TSD,species.in.TreeOfSex,0.111,,,,,,,108,,,317
189,crocs,Crocodylus_niloticus,TSD,species.in.TreeOfSex,,0.616,0.447,,,,,,1162,77,322
187,crocs,Crocodylus_niloticus,TSD,species.in.TreeOfSex,,0.200,,,,,,,12,,323
191,crocs,Crocodylus_niloticus,TSD,species.in.TreeOfSex,,,,25.0,30.0,,,,,,"m25, m46"
190,crocs,Crocodylus_niloticus,TSD,species.in.TreeOfSex,,,,30.0,30.0,,,,,,"m35, m46"
192,crocs,Crocodylus_palustris,TSD,species.in.TreeOfSex,0.440,,,10.0,6.0,,,181,,,327
194,snakes,Crotalus_horridus,GSD,genus.or.family.in.TreeOfSex,0.491,,,,,,,588,,,g4
193,snakes,Crotalus_horridus,GSD,genus.or.family.in.TreeOfSex,,,,,,0.130,0.292,,,47,g42
195,snakes,Crotalus_horridus,GSD,genus.or.family.in.TreeOfSex,0.476,,0.549,3.5,7.5,0.161,0.205,143,,705,"v9, v10"
198,snakes,Crotalus_viridis,GSD,genus.or.family.in.TreeOfSex,0.470,,,,,,,115,,,g51
196,snakes,Crotalus_viridis,GSD,genus.or.family.in.TreeOfSex,0.427,,,2.0,4.0,0.180,0.180,143,,327,v11
197,snakes,Crotalus_viridis,GSD,genus.or.family.in.TreeOfSex,,,0.517,,,,,,,174,new30
200,lizards,Ctenosaura_bakeri,GSD,genus.or.family.in.TreeOfSex,,,0.564,,,,,,,546,53
199,lizards,Ctenosaura_bakeri,GSD,genus.or.family.in.TreeOfSex,,,0.456,2.5,2.5,,,,,125,g30
201,lizards,Ctenosaura_melanosterna,GSD,genus.or.family.in.TreeOfSex,,,0.435,2.0,2.0,0.270,0.060,,,207,"new32, new33"
202,lizards,Ctenosaura_oedirhina,GSD,genus.or.family.in.TreeOfSex,,,0.379,2.0,2.0,,,,,338,v12
203,turtles,Cuora_flavomarginata,TSD,Ota_et_al._2009._Chelonian_Research_Monographs,,,0.360,12.0,13.0,,,,,161,55
204,lizards,Cyclura_cychlura,GSD,genus.or.family.in.TreeOfSex,,,0.529,,,0.117,0.078,,,1074,v16
205,lizards,Cyclura_nubila,GSD,genus.or.family.in.TreeOfSex,,,0.545,,,,,,,42,56
206,turtles,Deirochelys_reticularia,TSD,species.in.TreeOfSex,,,0.798,2.0,5.0,,,,,119,601
207,turtles,Deirochelys_reticularia,TSD,species.in.TreeOfSex,,,0.655,2.5,9.5,0.290,0.290,,,29,602
210,turtles,Dermatemys_mawii,TSD,species.in.TreeOfSex,,,0.320,,,,,,,44,502
208,turtles,Dermatemys_mawii,TSD,species.in.TreeOfSex,,,0.250,,,,,,,41,503
209,turtles,Dermatemys_mawii,TSD,species.in.TreeOfSex,,,0.200,,,,,,,106,503
212,turtles,Dermochelys_coriacea,TSD,species.in.TreeOfSex,0.000,,,,,,,,,,508
213,turtles,Dermochelys_coriacea,TSD,species.in.TreeOfSex,,,0.562,,,,,,,28,510
214,turtles,Dermochelys_coriacea,TSD,species.in.TreeOfSex,,,0.350,,,,,,,80,510
211,turtles,Dermochelys_coriacea,TSD,species.in.TreeOfSex,0.356,,,,,,,686,,,"418, 421, 507"
215,snakes,Drymarchon_couperi,GSD,species.in.TreeOfSex,,,0.692,2.0,2.0,0.070,0.086,,,224,"v17, m4"
217,snakes,Elaphe_obsoleta,GSD,species.in.TreeOfSex,0.489,0.442,0.557,9.1,9.7,0.250,0.300,1606,95,106,"v19, g57, g66"
216,snakes,Elaphe_obsoleta,GSD,species.in.TreeOfSex,,0.265,0.575,4.0,4.8,,,,49,153,v19
218,snakes,Elaphe_quadrivirgata,GSD,species.in.TreeOfSex,,,0.537,1.8,1.8,,,,,67,2634
219,snakes,Emydocephalus_annulatus,GSD,species.in.TreeOfSex,,,0.610,,,,,,,313,218
220,snakes,Emydocephalus_annulatus,GSD,species.in.TreeOfSex,,,0.669,,,,,,,163,mod5
221,snakes,Emydocephalus_ijimae,GSD,genus.or.family.in.TreeOfSex,,,0.692,2.0,1.9,,,,,91,na6
223,turtles,Emydoidea_blandingii,TSD,species.in.TreeOfSex,,,0.422,,,,,,,187,164
225,turtles,Emydoidea_blandingii,TSD,species.in.TreeOfSex,,,0.532,,,,,,,77,213
222,turtles,Emydoidea_blandingii,TSD,species.in.TreeOfSex,,,0.301,,,,,,,,548
227,turtles,Emydoidea_blandingii,TSD,species.in.TreeOfSex,,,0.500,,,,,,,10,556
224,turtles,Emydoidea_blandingii,TSD,species.in.TreeOfSex,,,0.263,,,,,,,513,608
229,turtles,Emydoidea_blandingii,TSD,species.in.TreeOfSex,,,0.329,,,0.130,0.110,,,82,613
226,turtles,Emydoidea_blandingii,TSD,species.in.TreeOfSex,,,0.550,,,,,,,100,615
228,turtles,Emydoidea_blandingii,TSD,species.in.TreeOfSex,,,0.611,,,,,,,36,616
230,turtles,Emydoidea_blandingii,TSD,species.in.TreeOfSex,,,,12.0,14.0,,,,,,m33
232,turtles,Emydura_macquarii,GSD,species.in.TreeOfSex,,,0.641,12.0,21.0,,,,,1815,g55
231,turtles,Emydura_macquarii,GSD,species.in.TreeOfSex,0.580,,,,,,,100,,,v24
236,turtles,Emys_orbicularis,TSD,species.in.TreeOfSex,,,0.419,,,,,,,124,62
244,turtles,Emys_orbicularis,TSD,species.in.TreeOfSex,,,0.405,,,,,,,195,63
240,turtles,Emys_orbicularis,TSD,species.in.TreeOfSex,,,0.609,,,0.163,0.041,,,87,64
235,turtles,Emys_orbicularis,TSD,species.in.TreeOfSex,,,0.669,,,,,,,251,196
233,turtles,Emys_orbicularis,TSD,species.in.TreeOfSex,,,0.278,,,,,,,97,197
247,turtles,Emys_orbicularis,TSD,species.in.TreeOfSex,,,0.321,,,,,,,290,622
242,turtles,Emys_orbicularis,TSD,species.in.TreeOfSex,,,0.319,,,,,,,160,623
241,turtles,Emys_orbicularis,TSD,species.in.TreeOfSex,,,0.459,,,,,,,96,625
246,turtles,Emys_orbicularis,TSD,species.in.TreeOfSex,,,0.484,,,,,,,901,626
234,turtles,Emys_orbicularis,TSD,species.in.TreeOfSex,,,0.567,,,,,,,1163,628
238,turtles,Emys_orbicularis,TSD,species.in.TreeOfSex,,,0.574,8.0,10.0,,,,,68,631
239,turtles,Emys_orbicularis,TSD,species.in.TreeOfSex,,,0.309,,,,,,,81,632
245,turtles,Emys_orbicularis,TSD,species.in.TreeOfSex,,,0.505,8.5,11.5,,,,,370,633
237,turtles,Emys_orbicularis,TSD,species.in.TreeOfSex,,,0.356,,,,,,,163,637
248,turtles,Emys_orbicularis,TSD,species.in.TreeOfSex,,,0.530,,,0.110,0.124,,,1412,641
243,turtles,Emys_orbicularis,TSD,species.in.TreeOfSex,,,0.546,,,,,,,282,641
249,turtles,Emys_orbicularis,TSD,species.in.TreeOfSex,,,0.675,,,,,,,126,650
253,turtles,Eretmochelys_imbricata,TSD,species.in.TreeOfSex,,0.790,,,,,,,31,,429
252,turtles,Eretmochelys_imbricata,TSD,species.in.TreeOfSex,,0.571,,,,,,,14,,447
250,turtles,Eretmochelys_imbricata,TSD,species.in.TreeOfSex,,,,,,0.289,0.078,,,269,729
251,turtles,Eretmochelys_imbricata,TSD,species.in.TreeOfSex,0.091,,,,,,,275,,,"451, 452"
254,turtles,Eretmochelys_imbricata,TSD,species.in.TreeOfSex,,,,15.0,17.0,,,,,,"m41, m47"
255,lizards,Eulamprus_heatwolei,TSD,species.in.TreeOfSex,,,0.485,2.0,3.0,,,,,66,1022
256,lizards,Eulamprus_tympanum,TSD,species.in.TreeOfSex,0.870,,0.471,2.5,3.5,,,23,,187,"1023, 1024"
258,lizards,Gambelia_wislizenii,GSD,genus.or.family.in.TreeOfSex,,,,1.8,1.8,,,,,,m23
257,lizards,Gambelia_wislizenii,GSD,genus.or.family.in.TreeOfSex,,0.514,0.575,,,0.383,0.570,,105,186,v20
261,lizards,Gehyra_variegata,GSD,genus.or.family.in.TreeOfSex,,,0.463,,,,,,,1318,67
262,lizards,Gehyra_variegata,GSD,genus.or.family.in.TreeOfSex,,,,2.5,2.5,,,,,,m39
259,lizards,Gehyra_variegata,GSD,genus.or.family.in.TreeOfSex,,,0.497,,,,,,,328,na2
260,lizards,Gehyra_variegata,GSD,genus.or.family.in.TreeOfSex,,,0.479,,,0.282,0.300,,,165,v21
2039d,turtles,Geochelone_elephantopus,TSD,species.in.TreeOfSex,,,0.475,,,,,,,162,2039
2039e,turtles,Geochelone_elephantopus,TSD,species.in.TreeOfSex,,,0.350,,,,,,,60,2039
2039b,turtles,Geochelone_elephantopus,TSD,species.in.TreeOfSex,,,0.599,,,,,,,157,2039
2039g,turtles,Geochelone_elephantopus,TSD,species.in.TreeOfSex,,,0.534,,,,,,,564,2039
2039a,turtles,Geochelone_elephantopus,TSD,species.in.TreeOfSex,,,0.357,,,,,,,98,2039
2039f,turtles,Geochelone_elephantopus,TSD,species.in.TreeOfSex,,,0.536,,,,,,,252,2039
2039c,turtles,Geochelone_elephantopus,TSD,species.in.TreeOfSex,,,0.698,,,,,,,321,2039
269,turtles,Glyptemys_insculpta,GSD,species.in.TreeOfSex,,,0.500,11.0,15.0,,,,,20,1001
271,turtles,Glyptemys_insculpta,GSD,species.in.TreeOfSex,,,0.505,11.0,14.0,,,,,109,1002
1003,turtles,Glyptemys_insculpta,GSD,species.in.TreeOfSex,,,,17.0,18.0,,,,,,1003
1005,turtles,Glyptemys_insculpta,GSD,species.in.TreeOfSex,,,,14.0,14.0,,,,,,1005
263,turtles,Glyptemys_insculpta,GSD,species.in.TreeOfSex,0.361,,,,,,,36,,,1006
264,turtles,Glyptemys_insculpta,GSD,species.in.TreeOfSex,,,0.571,,,,,,,21,1008
270,turtles,Glyptemys_insculpta,GSD,species.in.TreeOfSex,,,0.417,9.0,15.0,,,,,36,1010
265,turtles,Glyptemys_insculpta,GSD,species.in.TreeOfSex,,,0.500,,,,,,,32,1011
266,turtles,Glyptemys_insculpta,GSD,species.in.TreeOfSex,,,0.500,,,,,,,32,1012
267,turtles,Glyptemys_insculpta,GSD,species.in.TreeOfSex,,,0.400,,,,,,,60,1012
268,turtles,Glyptemys_insculpta,GSD,species.in.TreeOfSex,,,0.500,,,0.231,0.083,,,98,"1000, 1007"
new2018_1,turtles,Glyptemys_muhlenbergii,GSD,species.in.TreeOfSex,,,,7.0,8.0,,,,,,new2018_1
new2018_2,turtles,Glyptemys_muhlenbergii,GSD,species.in.TreeOfSex,,,,,,0.100,0.100,,,641,new2018_2
new2018_3,turtles,Glyptemys_muhlenbergii,GSD,species.in.TreeOfSex,,,0.417,,,0.107,0.107,,,48,new2018_3
2094a,turtles,Gopherus_agassizii,TSD,species.in.TreeOfSex,,,,,,0.107,0.117,,,87,2094a
2098,turtles,Gopherus_agassizii,TSD,species.in.TreeOfSex,,,0.231,,,,,,,13,2098
2101,turtles,Gopherus_agassizii,TSD,species.in.TreeOfSex,,,0.639,,,,,,,36,2101
2104,turtles,Gopherus_agassizii,TSD,species.in.TreeOfSex,,,0.593,,,0.060,0.060,,,54,2104
2105,turtles,Gopherus_agassizii,TSD,species.in.TreeOfSex,,,0.366,,,,,,,70,2105
2106b,turtles,Gopherus_agassizii,TSD,species.in.TreeOfSex,,,0.596,,,,,,,161,2106
2107d,turtles,Gopherus_agassizii,TSD,species.in.TreeOfSex,,,0.321,,,,,,,28,2107
2108a,turtles,Gopherus_agassizii,TSD,species.in.TreeOfSex,,,0.597,,,,,,,67,2108
2111a,turtles,Gopherus_agassizii,TSD,species.in.TreeOfSex,,,0.565,,,,,,,30,2111
2114k,turtles,Gopherus_agassizii,TSD,species.in.TreeOfSex,,,0.524,,,,,,,132,2114
2114i,turtles,Gopherus_agassizii,TSD,species.in.TreeOfSex,,,0.490,,,,,,,53,2114
2114e,turtles,Gopherus_agassizii,TSD,species.in.TreeOfSex,,,0.643,,,,,,,65,2114
2114a,turtles,Gopherus_agassizii,TSD,species.in.TreeOfSex,,,0.412,,,,,,,93,2114
2114g,turtles,Gopherus_agassizii,TSD,species.in.TreeOfSex,,,0.561,,,,,,,80,2114
2115,turtles,Gopherus_agassizii,TSD,species.in.TreeOfSex,,,0.680,,,,,,,50,2115
2116g,turtles,Gopherus_agassizii,TSD,species.in.TreeOfSex,,,0.559,,,,,,,46,2116
2116e,turtles,Gopherus_agassizii,TSD,species.in.TreeOfSex,,,0.500,,,,,,,65,2116
2116c,turtles,Gopherus_agassizii,TSD,species.in.TreeOfSex,,,0.485,,,,,,,62,2116
2116a,turtles,Gopherus_agassizii,TSD,species.in.TreeOfSex,,,0.650,,,,,,,20,2116
2118b,turtles,Gopherus_agassizii,TSD,species.in.TreeOfSex,,,0.400,,,,,,,75,2118
2121b,turtles,Gopherus_agassizii,TSD,species.in.TreeOfSex,,,0.806,,,,,,,252,2121
2121a,turtles,Gopherus_agassizii,TSD,species.in.TreeOfSex,,,0.479,,,,,,,71,2121
2122a,turtles,Gopherus_agassizii,TSD,species.in.TreeOfSex,,,0.595,,,,,,,168,2122
2123a,turtles,Gopherus_agassizii,TSD,species.in.TreeOfSex,,,0.500,,,,,,,32,2123
2125c,turtles,Gopherus_agassizii,TSD,species.in.TreeOfSex,,,0.414,,,,,,,350,2125
2125d,turtles,Gopherus_agassizii,TSD,species.in.TreeOfSex,,,0.468,,,,,,,156,2125
2127a1,turtles,Gopherus_agassizii,TSD,species.in.TreeOfSex,,,0.594,,,,,,,32,2127
2129b,turtles,Gopherus_agassizii,TSD,species.in.TreeOfSex,,,0.455,,,,,,,22,2129
2130a,turtles,Gopherus_agassizii,TSD,species.in.TreeOfSex,,,0.609,,,,,,,69,2130
2130b,turtles,Gopherus_agassizii,TSD,species.in.TreeOfSex,,,0.585,,,,,,,53,2130
2131i,turtles,Gopherus_agassizii,TSD,species.in.TreeOfSex,,,0.404,,,,,,,52,2131
2131n,turtles,Gopherus_agassizii,TSD,species.in.TreeOfSex,,,0.343,,,,,,,35,2131
2131d,turtles,Gopherus_agassizii,TSD,species.in.TreeOfSex,,,0.402,,,,,,,92,2131
2133a,turtles,Gopherus_agassizii,TSD,species.in.TreeOfSex,,,0.549,,,,,,,122,2133
2136m,turtles,Gopherus_polyphemus,TSD,species.in.TreeOfSex,,,0.462,,,,,,,13,2136
2136l,turtles,Gopherus_polyphemus,TSD,species.in.TreeOfSex,,,0.606,,,,,,,71,2136
2136k,turtles,Gopherus_polyphemus,TSD,species.in.TreeOfSex,,,0.667,,,,,,,96,2136
2137,turtles,Gopherus_polyphemus,TSD,species.in.TreeOfSex,,,0.563,,,,,,,158,2137
2138,turtles,Gopherus_polyphemus,TSD,species.in.TreeOfSex,,,0.580,,,,,,,119,2138
2140,turtles,Gopherus_polyphemus,TSD,species.in.TreeOfSex,,,0.493,,,,,,,201,2140
2141b,turtles,Gopherus_polyphemus,TSD,species.in.TreeOfSex,,,0.441,,,,,,,68,2141
2141a,turtles,Gopherus_polyphemus,TSD,species.in.TreeOfSex,,,0.453,,,,,,,75,2141
2146a,turtles,Gopherus_polyphemus,TSD,species.in.TreeOfSex,,,0.452,,,0.054,0.020,,,42,2146
2146b,turtles,Gopherus_polyphemus,TSD,species.in.TreeOfSex,,,0.605,,,0.132,0.045,,,177,2146
2146c,turtles,Gopherus_polyphemus,TSD,species.in.TreeOfSex,,,0.545,,,,,,,123,2146
2147a,turtles,Gopherus_polyphemus,TSD,species.in.TreeOfSex,,,0.348,,,,,,,23,2147
2149a,turtles,Gopherus_polyphemus,TSD,species.in.TreeOfSex,,,0.467,,,,,,,60,2149
2152,turtles,Gopherus_polyphemus,TSD,species.in.TreeOfSex,,,0.608,,,,,,,29,2152
Landers,turtles,Gopherus_polyphemus,TSD,species.in.TreeOfSex,,,,17.0,20.0,,,,,,m49
272,turtles,Graptemys_barbouri,TSD,species.in.TreeOfSex,,,0.233,,,,,,,90,505
273,turtles,Graptemys_barbouri,TSD,species.in.TreeOfSex,,,,3.5,20.0,,,,,,m32
275,turtles,Graptemys_geographica,TSD,species.in.TreeOfSex,0.210,,,,,,,61,,,214
286,turtles,Graptemys_geographica,TSD,species.in.TreeOfSex,,,0.629,,,,,,,210,539
278,turtles,Graptemys_geographica,TSD,species.in.TreeOfSex,,,0.521,,,,,,,305,540
283,turtles,Graptemys_geographica,TSD,species.in.TreeOfSex,,,0.436,,,,,,,321,542
281,turtles,Graptemys_geographica,TSD,species.in.TreeOfSex,,,0.503,,,,,,,151,545
285,turtles,Graptemys_geographica,TSD,species.in.TreeOfSex,,,0.462,,,,,,,52,547
280,turtles,Graptemys_geographica,TSD,species.in.TreeOfSex,,,0.278,,,,,,,,548
279,turtles,Graptemys_geographica,TSD,species.in.TreeOfSex,,,0.091,,,,,,,55,549
277,turtles,Graptemys_geographica,TSD,species.in.TreeOfSex,,,0.531,,,,,,,98,554
282,turtles,Graptemys_geographica,TSD,species.in.TreeOfSex,,,0.769,,,,,,,26,556
274,turtles,Graptemys_geographica,TSD,species.in.TreeOfSex,,0.241,0.494,,,,,,29,83,557
284,turtles,Graptemys_geographica,TSD,species.in.TreeOfSex,,,0.548,,,0.182,0.094,,,704,"542, 543"
276,turtles,Graptemys_geographica,TSD,species.in.TreeOfSex,,,0.484,,,,,,,363,"550, 551, 552"
287,turtles,Graptemys_geographica,TSD,species.in.TreeOfSex,,,,4.0,9.5,,,,,,m28
288,turtles,Graptemys_ouachitensis,TSD,species.in.TreeOfSex,,,0.570,,,,,,,79,559
289,turtles,Graptemys_ouachitensis,TSD,species.in.TreeOfSex,0.280,,0.204,,,,,1540,,333,"214, 215"
290,turtles,Graptemys_ouachitensis,TSD,species.in.TreeOfSex,,,,3.0,12.0,,,,,,m24
293,turtles,Graptemys_pseudogeographica,TSD,species.in.TreeOfSex,,,0.811,,,,,,,37,547
292,turtles,Graptemys_pseudogeographica,TSD,species.in.TreeOfSex,,,0.507,,,,,,,148,556
291,turtles,Graptemys_pseudogeographica,TSD,species.in.TreeOfSex,0.250,,0.384,,,,,489,,177,"214, 215"
294,turtles,Graptemys_pseudogeographica,TSD,species.in.TreeOfSex,,,,2.0,11.0,,,,,,m24
295,turtles,Graptemys_versa,TSD,species.in.TreeOfSex,,,0.636,2.5,7.0,,,,,55,564
296,snakes,Grayia_smythii,GSD,genus.or.family.in.TreeOfSex,,,0.485,,,,,,,33,68
297,lizards,Hemidactylus_turcicus,GSD,species.in.TreeOfSex,,,0.519,0.8,0.8,0.780,0.780,,,671,1048
299,lizards,Hemidactylus_turcicus,GSD,species.in.TreeOfSex,,,0.510,,,,,,,384,1050
298,lizards,Hemidactylus_turcicus,GSD,species.in.TreeOfSex,,,0.499,,,,,,,451,1051
301,lizards,Heteronotia_binoei,GSD,species.in.TreeOfSex,,,0.473,1.0,1.0,,,,,237,1035
300,lizards,Heteronotia_binoei,GSD,species.in.TreeOfSex,,,0.545,0.8,1.2,,,,,44,1036
302,lizards,Holbrookia_maculata,GSD,genus.or.family.in.TreeOfSex,,,0.506,0.6,0.9,0.517,0.603,,,316,v30
303,lizards,Iberolacerta_aranica,GSD,species.in.TreeOfSex,0.654,,0.355,4.0,5.0,,,104,,229,1045
304,lizards,Iberolacerta_aurelioi,GSD,species.in.TreeOfSex,0.559,,0.548,4.0,5.0,,,34,,226,1044
305,lizards,Intellagama_lesueurii,TSD,species.in.TreeOfSex,0.351,,,,,,,222,,,329
306,turtles,Kinixys_erosa,TSD,genus.or.family.in.TreeOfSex,,,0.563,,,,,,,48,7273
307,turtles,Kinixys_homeana,TSD,genus.or.family.in.TreeOfSex,,,0.515,,,,,,,132,7273
2028,turtles,Kinosternon_baurii,TSD,species.in.TreeOfSex,,,0.333,,,,,,,66,2028
2042e,turtles,Kinosternon_flavescens,TSD,species.in.TreeOfSex,,,0.421,6.0,6.0,,,,,152,2042
2042d,turtles,Kinosternon_flavescens,TSD,species.in.TreeOfSex,,,0.397,6.0,6.0,,,,,58,2042
2042f,turtles,Kinosternon_flavescens,TSD,species.in.TreeOfSex,,,0.606,6.0,6.0,,,,,33,2042
"2061d,c",turtles,Kinosternon_flavescens,TSD,species.in.TreeOfSex,,0.632,0.375,,,0.133,0.111,,38,200,2061
308,turtles,Kinosternon_leucostomum,TSD,species.in.TreeOfSex,0.590,,0.601,,,,,34,,1425,503
2068a,turtles,Kinosternon_scorpioides,TSD,species.in.TreeOfSex,,,0.438,,,,,,,80,2068
2071a,turtles,Kinosternon_scorpioides,TSD,species.in.TreeOfSex,,,0.667,,,,,,,9,2071
2074a,turtles,Kinosternon_sonoriense,TSD,species.in.TreeOfSex,,,0.664,5.5,8.5,,,,,119,2074
2075,turtles,Kinosternon_sonoriense,TSD,species.in.TreeOfSex,,,,4.0,5.0,,,,,,2075
2076,turtles,Kinosternon_sonoriense,TSD,species.in.TreeOfSex,,,0.439,,,,,,,467,2076
2077b,turtles,Kinosternon_sonoriense,TSD,species.in.TreeOfSex,,,0.581,4.0,6.0,0.135,0.130,,,62,2077
2077a,turtles,Kinosternon_sonoriense,TSD,species.in.TreeOfSex,,,0.585,,,0.050,0.050,,,82,2077
2078b,turtles,Kinosternon_sonoriense,TSD,species.in.TreeOfSex,,,0.705,,,,,,,105,2078
2078a,turtles,Kinosternon_sonoriense,TSD,species.in.TreeOfSex,,,0.385,,,,,,,480,2078
2079,turtles,Kinosternon_sonoriense,TSD,species.in.TreeOfSex,,,0.584,,,,,,,291,2079
309,turtles,Kinosternon_subrubrum,TSD,species.in.TreeOfSex,,,0.467,,,,,,,30,682
310,turtles,Kinosternon_subrubrum,TSD,species.in.TreeOfSex,,,0.568,4.0,4.0,0.110,0.050,,,713,"734, 603"
311,lizards,Lacerta_agilis,GSD,species.in.TreeOfSex,,,0.538,,,,,,,156,76
314,lizards,Lacerta_agilis,GSD,species.in.TreeOfSex,,,,3.0,3.0,,,,,,m15
312,lizards,Lacerta_agilis,GSD,species.in.TreeOfSex,,,0.427,,,0.540,0.430,,,307,mod78
313,lizards,Lacerta_agilis,GSD,species.in.TreeOfSex,,,,,,0.462,0.306,,,,v22
315,lizards,Lacerta_monticola,GSD,species.in.TreeOfSex,0.540,,,2.6,2.6,,,248,,,1042
316,lizards,Lacerta_viridis,GSD,species.in.TreeOfSex,,,0.545,3.0,3.0,,,,,99,1041
317,lizards,Lacerta_vivipara,GSD,species.in.TreeOfSex,,,0.418,,,,,,,2302,"81, 223"
327,lizards,Lacerta_vivipara,GSD,species.in.TreeOfSex,,,,3.0,3.0,,,,,,m15
318,lizards,Lacerta_vivipara,GSD,species.in.TreeOfSex,,,0.429,,,0.649,0.568,,,385,mod78
326,lizards,Lacerta_vivipara,GSD,species.in.TreeOfSex,,0.484,0.516,,,0.510,0.470,,1162,1394,v23
319,lizards,Lacerta_vivipara,GSD,species.in.TreeOfSex,,0.390,0.231,,,0.740,0.620,,656,373,v23
322,lizards,Lacerta_vivipara,GSD,species.in.TreeOfSex,,,,,,0.540,0.410,,,,v23
323,lizards,Lacerta_vivipara,GSD,species.in.TreeOfSex,,,,,,0.570,0.300,,,,v23
325,lizards,Lacerta_vivipara,GSD,species.in.TreeOfSex,,,,,,0.580,0.610,,,,v23
324,lizards,Lacerta_vivipara,GSD,species.in.TreeOfSex,,,,,,0.590,0.460,,,,v23
321,lizards,Lacerta_vivipara,GSD,species.in.TreeOfSex,,,,,,0.590,0.560,,,,v23
320,lizards,Lacerta_vivipara,GSD,species.in.TreeOfSex,,,,,,0.910,0.710,,,,v23
328,snakes,Lapemis_hardwickii,GSD,genus.or.family.in.TreeOfSex,,,0.481,1.6,1.9,,,,,754,82
329,turtles,Lepidochelys_kempii,TSD,species.in.TreeOfSex,,0.413,,,,,,,75,,454
331,turtles,Lepidochelys_olivacea,TSD,species.in.TreeOfSex,0.419,,,,,,,530,,,469
330,turtles,Lepidochelys_olivacea,TSD,species.in.TreeOfSex,,,0.490,,,,,,,739,513
332,snakes,Liasis_fuscus,GSD,genus.or.family.in.TreeOfSex,,,0.614,2.0,3.0,,,,,1618,134
333,lizards,Lygosoma_laterale,GSD,species.in.TreeOfSex,,0.513,0.502,0.8,0.7,0.620,0.705,,80,303,mod9
335,turtles,Macrochelys_temminckii,TSD,species.in.TreeOfSex,,,0.462,,,,,,,104,487
341,turtles,Macrochelys_temminckii,TSD,species.in.TreeOfSex,,,0.528,,,,,,,36,488
339,turtles,Macrochelys_temminckii,TSD,species.in.TreeOfSex,,,0.143,,,,,,,56,491
337,turtles,Macrochelys_temminckii,TSD,species.in.TreeOfSex,,,0.356,,,,,,,59,492
340,turtles,Macrochelys_temminckii,TSD,species.in.TreeOfSex,,,0.417,,,,,,,12,495
334,turtles,Macrochelys_temminckii,TSD,species.in.TreeOfSex,,,0.779,,,,,,,104,496
336,turtles,Macrochelys_temminckii,TSD,species.in.TreeOfSex,,,0.556,,,0.020,0.050,,,45,497
342,turtles,Macrochelys_temminckii,TSD,species.in.TreeOfSex,,,0.397,,,,,,,73,498
338,turtles,Macrochelys_temminckii,TSD,species.in.TreeOfSex,0.082,,,,,,,49,,,499
343,turtles,Macrochelys_temminckii,TSD,species.in.TreeOfSex,,,,11.0,13.0,,,,,,m10
346,turtles,Malaclemys_terrapin,TSD,species.in.TreeOfSex,,0.575,0.190,,,,,,544,715,658
344,turtles,Malaclemys_terrapin,TSD,species.in.TreeOfSex,,,0.576,,,,,,,262,665
345,turtles,Malaclemys_terrapin,TSD,species.in.TreeOfSex,,,0.601,4.0,7.0,0.165,0.160,,,1189,"659, 89, 90"
349,turtles,Malaclemys_terrapin,TSD,species.in.TreeOfSex,,,,2.5,4.5,,,,,,m14
348,turtles,Malaclemys_terrapin,TSD,species.in.TreeOfSex,,,,4.0,8.0,,,,,,m19
347,turtles,Malaclemys_terrapin,TSD,species.in.TreeOfSex,,,,3.0,6.0,,,,,,m38
351,turtles,Mauremys_japonica,TSD,species.in.TreeOfSex,,,0.428,,,,,,,257,365
350,turtles,Mauremys_japonica,TSD,species.in.TreeOfSex,,,0.474,,,,,,,350,366
352,turtles,Mauremys_reevesii,TSD,species.in.TreeOfSex,,0.320,0.588,7.0,9.0,,,,96,56,"373, m53"
353,lizards,Meroles_anchietae,GSD,genus.or.family.in.TreeOfSex,,,0.553,0.5,0.4,,,,,559,183184
354,lizards,Meroles_cuneirostris,GSD,species.in.TreeOfSex,,,0.554,,,,,,,204,183184
355,snakes,Morelia_viridis,GSD,genus.or.family.in.TreeOfSex,,,0.577,2.4,3.6,,,,,97,g32
356,snakes,Natrix_natrix,GSD,species.in.TreeOfSex,0.503,,,,,,,124,,,g35
357,snakes,Natrix_natrix,GSD,species.in.TreeOfSex,,,0.676,,,,,,,58,v25
358,snakes,Natrix_natrix,GSD,species.in.TreeOfSex,0.480,0.316,0.539,3.0,4.5,0.480,0.480,294,76,334,v26
359,snakes,Nerodia_rhombifer,GSD,genus.or.family.in.TreeOfSex,0.530,,,,,,,357,,,g1217
360,snakes,Nerodia_rhombifer,GSD,genus.or.family.in.TreeOfSex,0.524,0.280,0.457,1.5,2.5,,,42,25,127,v27
363,snakes,Nerodia_sipedon,GSD,genus.or.family.in.TreeOfSex,,,,,,0.545,0.520,,,425,95
362,snakes,Nerodia_sipedon,GSD,genus.or.family.in.TreeOfSex,0.478,,0.655,3.0,4.0,0.445,0.470,1240,,807,"95, new61, new62"
361,snakes,Nerodia_sipedon,GSD,genus.or.family.in.TreeOfSex,,0.522,,,,,,,23,,g39
364,snakes,Nerodia_taxispilota,GSD,genus.or.family.in.TreeOfSex,,,0.608,3.0,5.5,,,,,744,na7
365,snakes,Notechis_scutatus,GSD,species.in.TreeOfSex,,,0.733,,,,,,,292,97
366,snakes,Notechis_scutatus,GSD,species.in.TreeOfSex,,,,2.0,2.0,,,,,,m13
367,snakes,Opheodrys_aestivus,GSD,genus.or.family.in.TreeOfSex,0.475,0.500,0.510,1.7,2.3,0.612,0.514,141,78,323,"new87, new88"
368,crocs,Paleosuchus_trigonatus,TSD,species.in.TreeOfSex,0.338,,,20.0,11.0,,,65,,,"294, 296"
369,turtles,Pelodiscus_sinensis,GSD,species.in.TreeOfSex,0.509,,,,,,,116,,,1015
370,turtles,Pelodiscus_sinensis,GSD,species.in.TreeOfSex,0.526,,,,,,,234,,,1016
371,turtles,Pelodiscus_sinensis,GSD,species.in.TreeOfSex,0.514,,,,,,,220,,,1016
372,turtles,Pelodiscus_sinensis,GSD,species.in.TreeOfSex,0.406,,,,,,,143,,,1016
373,turtles,Pelodiscus_sinensis,GSD,species.in.TreeOfSex,0.456,,,,,,,114,,,1016
374,turtles,Pelodiscus_sinensis,GSD,species.in.TreeOfSex,0.514,,,,,,,296,,,1016
375,turtles,Pelodiscus_sinensis,GSD,species.in.TreeOfSex,0.516,,,,,,,364,,,1016
376,lizards,Phelsuma_madagascariensis,TSD,species.in.TreeOfSex,,,0.457,,,,,,,46,1025
377,lizards,Phrynosoma_cornutum,GSD,genus.or.family.in.TreeOfSex,,0.469,0.474,1.7,1.7,0.355,0.355,,32,97,1053ab
378,snakes,Pituophis_melanoleucus,GSD,genus.or.family.in.TreeOfSex,0.567,,,,,,,97,,,g72
379,snakes,Pituophis_melanoleucus,GSD,genus.or.family.in.TreeOfSex,0.675,,0.672,,,,,120,,137,g75a
380,lizards,Podarcis_bocagei,GSD,genus.or.family.in.TreeOfSex,0.511,0.387,0.363,1.5,1.5,0.316,0.283,174,117,48,"277, m54"
381,lizards,Podarcis_hispanica,GSD,species.in.TreeOfSex,0.570,,,,,,,86,,,238
Kaliontzopoulou,lizards,Podarcis_hispanica,GSD,species.in.TreeOfSex,,,,1.0,1.0,,,,,,m48
386,lizards,Podarcis_muralis,GSD,genus.or.family.in.TreeOfSex,,,0.578,,,,,,,97,117
385,lizards,Podarcis_muralis,GSD,genus.or.family.in.TreeOfSex,,,0.556,,,,,,,54,118
382,lizards,Podarcis_muralis,GSD,genus.or.family.in.TreeOfSex,,,0.604,,,,,,,106,"116, 280"
383,lizards,Podarcis_muralis,GSD,genus.or.family.in.TreeOfSex,0.517,,,,,,,29,,,g41
384,lizards,Podarcis_muralis,GSD,genus.or.family.in.TreeOfSex,,0.498,0.437,,,0.746,0.816,,267,135,g48
387,lizards,Podarcis_muralis,GSD,genus.or.family.in.TreeOfSex,,,,2.0,2.0,,,,,,m43
388,lizards,Podarcis_sicula,GSD,genus.or.family.in.TreeOfSex,,,0.569,,,,,,,102,119
389,turtles,Podocnemis_erythrocephala,TSD,species.in.TreeOfSex,,,0.329,9.0,9.0,,,,,3669,"120, m56"
2089def,turtles,Podocnemis_expansa,TSD,species.in.TreeOfSex,0.027,,,,,,,300,,,2089
2092,turtles,Podocnemis_expansa,TSD,species.in.TreeOfSex,0.033,,,,,,,,,,2092
2093,turtles,Podocnemis_expansa,TSD,species.in.TreeOfSex,0.622,,,,,,,90,,,2093
2094,turtles,Podocnemis_expansa,TSD,species.in.TreeOfSex,0.069,,,,,,,173,,,2094
2098,turtles,Podocnemis_expansa,TSD,species.in.TreeOfSex,0.347,,,,,,,386,,,2098new
390,turtles,Podocnemis_expansa,TSD,species.in.TreeOfSex,,0.289,0.589,,,,,,380,265,g66
2084ab,turtles,Podocnemis_lewyana,TSD,species.in.TreeOfSex,0.349,,,,,,,350,,,2084
2085b,turtles,Podocnemis_lewyana,TSD,species.in.TreeOfSex,,,0.557,3.5,5.5,0.181,0.181,,,201,2085
"2087a,c",turtles,Podocnemis_sextuberculata,TSD,species.in.TreeOfSex,,0.141,0.816,,,,,,320,1778,2087
"2087d,f",turtles,Podocnemis_sextuberculata,TSD,species.in.TreeOfSex,,0.092,0.827,,,,,,174,1112,2087
2089abc,turtles,Podocnemis_sextuberculata,TSD,species.in.TreeOfSex,0.163,,,,,,,135,,,2089
2089ghi,turtles,Podocnemis_unifilis,TSD,species.in.TreeOfSex,0.381,,,,,,,155,,,2089
2090,turtles,Podocnemis_unifilis,TSD,species.in.TreeOfSex,,,0.655,,,,,,,562,2090
2096b,turtles,Podocnemis_unifilis,TSD,species.in.TreeOfSex,,,0.765,,,,,,,51,2096
392,turtles,Podocnemis_unifilis,TSD,species.in.TreeOfSex,0.724,,,,,,,380,,,g67
391,turtles,Podocnemis_unifilis,TSD,species.in.TreeOfSex,,,0.902,,,,,,,782,g68
394,lizards,Psammodromus_algirus,GSD,species.in.TreeOfSex,,,0.589,,,,,,,90,122
393,lizards,Psammodromus_algirus,GSD,species.in.TreeOfSex,,,0.618,,,0.647,0.652,,,57,v28
396,turtles,Pseudemys_concinna,TSD,species.in.TreeOfSex,,,0.487,,,,,,,115,505
397,turtles,Pseudemys_concinna,TSD,species.in.TreeOfSex,,,0.546,,,,,,,291,559
398,turtles,Pseudemys_concinna,TSD,species.in.TreeOfSex,,,0.655,,,,,,,45,672
395,turtles,Pseudemys_concinna,TSD,species.in.TreeOfSex,,,0.438,,,,,,,80,673
399,turtles,Pseudemys_concinna,TSD,species.in.TreeOfSex,,0.152,0.632,7.0,13.0,,,,105,68,"674, m52"
400,turtles,Pseudemys_floridana,TSD,species.in.TreeOfSex,,,0.600,,,,,,,30,682
401,turtles,Pseudemys_floridana,TSD,species.in.TreeOfSex,,,0.798,,,,,,,1736,682
402,turtles,Pseudemys_floridana,TSD,species.in.TreeOfSex,,,,3.0,6.5,,,,,,m31
403,turtles,Pseudemys_nelsoni,TSD,species.in.TreeOfSex,,,0.552,,,0.030,0.020,,,57,728
404,turtles,Pseudemys_nelsoni,TSD,species.in.TreeOfSex,,,,3.5,7.8,,,,,,m22
405,turtles,Pseudemys_peninsularis,TSD,species.in.TreeOfSex,,,0.666,,,0.030,0.040,,,209,728
406,turtles,Pseudemys_peninsularis,TSD,species.in.TreeOfSex,,,,3.5,7.8,,,,,,m22
407,snakes,Rhabdophis_tigrinus,GSD,species.in.TreeOfSex,,,0.667,1.3,1.3,,,,,48,2634
408,lizards,Sceloporus_graciosus,GSD,species.in.TreeOfSex,0.490,0.471,0.482,2.0,2.1,0.461,0.426,150,937,454,"g5, g6"
409,lizards,Sceloporus_grammicus,GSD,species.in.TreeOfSex,,0.500,0.472,,,0.818,0.819,,,,125
410,lizards,Sceloporus_grammicus,GSD,species.in.TreeOfSex,,,,1.0,1.2,,,,,,m5
411,lizards,Sceloporus_jarrovi,GSD,species.in.TreeOfSex,,,0.435,,,,,,,214,126
413,lizards,Sceloporus_jarrovi,GSD,species.in.TreeOfSex,0.485,0.482,0.400,,,0.470,0.640,171,,70,g1
412,lizards,Sceloporus_jarrovi,GSD,species.in.TreeOfSex,,0.400,0.488,0.4,0.8,,,,140,93,"g2, m50"
414,lizards,Sceloporus_poinsetti,GSD,species.in.TreeOfSex,,0.400,0.488,,,,,,33,38,g2
415,lizards,Sceloporus_scalaris,GSD,species.in.TreeOfSex,,,0.467,,,0.873,0.877,,,,128
416,lizards,Sceloporus_scalaris,GSD,species.in.TreeOfSex,,0.464,0.298,,,0.619,0.764,,168,104,na4
422,lizards,Sceloporus_undulatus,GSD,species.in.TreeOfSex,,,0.438,,,,,,,96,129
418,lizards,Sceloporus_undulatus,GSD,species.in.TreeOfSex,,0.448,0.388,,,0.751,0.684,,183,317,g7
420,lizards,Sceloporus_undulatus,GSD,species.in.TreeOfSex,,0.434,0.563,,,0.670,0.670,,113,80,v29
421,lizards,Sceloporus_undulatus,GSD,species.in.TreeOfSex,,0.434,0.400,,,0.580,0.560,,143,30,v29
419,lizards,Sceloporus_undulatus,GSD,species.in.TreeOfSex,,0.420,0.389,,,0.660,0.510,,138,90,v29
417,lizards,Sceloporus_undulatus,GSD,species.in.TreeOfSex,,0.493,,,,,,,136,,v29
423,lizards,Sceloporus_undulatus,GSD,species.in.TreeOfSex,,,0.472,0.2,0.2,0.687,0.703,,,305,v30
424,lizards,Sceloporus_virgatus,GSD,genus.or.family.in.TreeOfSex,,0.539,0.455,,,0.626,0.688,,115,235,130
425,lizards,Sceloporus_virgatus,GSD,genus.or.family.in.TreeOfSex,0.483,,0.620,,,0.451,0.613,176,,279,g77
426,snakes,Sistrurus_catenatus,GSD,genus.or.family.in.TreeOfSex,0.560,,,,,,,207,,,g1217
427,snakes,Sistrurus_miliarius,GSD,genus.or.family.in.TreeOfSex,0.500,,,,,,,1024,,,g1217
430,lizards,Sphenodon_punctatus,TSD,species.in.TreeOfSex,,,0.560,,,,,,,84,225
431,lizards,Sphenodon_punctatus,TSD,species.in.TreeOfSex,,,0.510,,,,,,,147,225
428,lizards,Sphenodon_punctatus,TSD,species.in.TreeOfSex,,,0.644,20.0,22.7,0.051,0.051,,,621,"132, 224, 223"
429,lizards,Sphenodon_punctatus,TSD,species.in.TreeOfSex,0.640,,0.667,,,,,140,,81,"222, 226"
432,turtles,Staurotypus_triporcatus,GSD,species.in.TreeOfSex,0.400,,0.440,,,,,21,,386,503
433,snakes,Stegonotus_cucullatus,GSD,genus.or.family.in.TreeOfSex,,,0.779,,,,,,,208,134
2042h,turtles,Sternotherus_carinatus,TSD,species.in.TreeOfSex,,,0.379,4.0,4.0,,,,,58,2042
435,turtles,Sternotherus_minor,TSD,species.in.TreeOfSex,,,0.600,,,,,,,65,505
434,turtles,Sternotherus_minor,TSD,species.in.TreeOfSex,,,0.681,,,0.030,0.030,,,214,728
2052b,turtles,Sternotherus_minor,TSD,species.in.TreeOfSex,,,0.500,,,,,,,149,2052
436,turtles,Sternotherus_minor,TSD,species.in.TreeOfSex,,,,5.6,8.0,,,,,,m34
440,turtles,Sternotherus_odoratus,TSD,species.in.TreeOfSex,,,0.613,,,,,,,31,162
442,turtles,Sternotherus_odoratus,TSD,species.in.TreeOfSex,,,0.661,,,,,,,56,481
443,turtles,Sternotherus_odoratus,TSD,species.in.TreeOfSex,,,0.261,,,,,,,92,481
444,turtles,Sternotherus_odoratus,TSD,species.in.TreeOfSex,,,0.582,,,,,,,292,540
445,turtles,Sternotherus_odoratus,TSD,species.in.TreeOfSex,,,0.467,,,,,,,15,548
439,turtles,Sternotherus_odoratus,TSD,species.in.TreeOfSex,,,0.629,,,,,,,383,559
441,turtles,Sternotherus_odoratus,TSD,species.in.TreeOfSex,,,0.478,2.0,4.0,0.159,0.158,,,556,578
437,turtles,Sternotherus_odoratus,TSD,species.in.TreeOfSex,,,0.385,,,,,,,39,682
438,turtles,Sternotherus_odoratus,TSD,species.in.TreeOfSex,,,0.653,,,,,,,449,682
2042g,turtles,Sternotherus_odoratus,TSD,species.in.TreeOfSex,,,0.506,6.0,6.0,,,,,233,2042
2047e,turtles,Sternotherus_odoratus,TSD,species.in.TreeOfSex,,,0.758,,,,,,,178,2047
2048a,turtles,Sternotherus_odoratus,TSD,species.in.TreeOfSex,,,0.639,,,,,,,,2048
2050,turtles,Sternotherus_odoratus,TSD,species.in.TreeOfSex,,,0.575,,,,,,,146,2050
446,snakes,Storeria_dekayi,GSD,species.in.TreeOfSex,,,0.451,,,,,,,512,g61
447,snakes,Storeria_dekayi,GSD,species.in.TreeOfSex,,,,2.5,3.5,,,,,,m26
448,lizards,Tarentola_annularis,TSD,species.in.TreeOfSex,,,0.630,,,,,,,46,1026
449,lizards,Tarentola_boettgeri,TSD,species.in.TreeOfSex,,,0.472,,,,,,,536,1027
451,lizards,Tarentola_mauritanica,TSD,species.in.TreeOfSex,,,0.685,,,,,,,111,1028
450,lizards,Tarentola_mauritanica,TSD,species.in.TreeOfSex,,,0.359,,,,,,,64,1029
453,turtles,Terrapene_carolina,TSD,species.in.TreeOfSex,,,0.693,,,,,,,397,136
454,turtles,Terrapene_carolina,TSD,species.in.TreeOfSex,,,0.542,,,,,,,48,136
455,turtles,Terrapene_carolina,TSD,species.in.TreeOfSex,,,0.674,,,,,,,86,136
456,turtles,Terrapene_carolina,TSD,species.in.TreeOfSex,,,0.493,,,,,,,138,136
457,turtles,Terrapene_carolina,TSD,species.in.TreeOfSex,,,0.686,,,,,,,35,599
452,turtles,Terrapene_carolina,TSD,species.in.TreeOfSex,,,0.673,8.5,10.5,0.077,0.089,,,,730
2001b,turtles,Terrapene_carolina,TSD,species.in.TreeOfSex,,,0.617,,,,,,,247,2001
2004a,turtles,Terrapene_carolina,TSD,species.in.TreeOfSex,,,0.478,,,,,,,245,2004
2005,turtles,Terrapene_carolina,TSD,species.in.TreeOfSex,,,0.365,,,,,,,74,2005
2006,turtles,Terrapene_carolina,TSD,species.in.TreeOfSex,,,0.538,,,,,,,132,2006
2008,turtles,Terrapene_carolina,TSD,species.in.TreeOfSex,,,0.550,,,,,,,111,2008
2010a,turtles,Terrapene_carolina,TSD,species.in.TreeOfSex,,,0.545,,,,,,,90,2010
2010b,turtles,Terrapene_carolina,TSD,species.in.TreeOfSex,,,0.543,,,,,,,35,2010
2014,turtles,Terrapene_carolina,TSD,species.in.TreeOfSex,,,0.459,,,,,,,248,2014
459,turtles,Terrapene_ornata,TSD,species.in.TreeOfSex,,,0.411,,,0.100,0.010,,,73,737
2018a,turtles,Terrapene_ornata,TSD,species.in.TreeOfSex,,,0.352,7.0,8.0,,,,,88,2018
2019,turtles,Terrapene_ornata,TSD,species.in.TreeOfSex,,,0.471,,,,,,,348,2019
2020d,turtles,Terrapene_ornata,TSD,species.in.TreeOfSex,,,0.343,,,,,,,210,2020
2022,turtles,Terrapene_ornata,TSD,species.in.TreeOfSex,,,0.493,9.0,9.0,,,,,136,2022
2023b,turtles,Terrapene_ornata,TSD,species.in.TreeOfSex,,,0.390,8.5,10.5,,,,,154,2023
2025,turtles,Terrapene_ornata,TSD,species.in.TreeOfSex,,,0.377,,,0.300,0.095,,,414,2025
458,turtles,Terrapene_ornata,TSD,species.in.TreeOfSex,,,0.459,,,0.117,0.068,,,109,g58
460,turtles,Terrapene_ornata,TSD,species.in.TreeOfSex,,,0.390,,,0.187,0.184,,,100,g59
462,turtles,Testudo_graeca,TSD,species.in.TreeOfSex,,,0.515,7.5,10.0,,,,,68,157
464,turtles,Testudo_graeca,TSD,species.in.TreeOfSex,,,0.577,,,,,,,26,692
465,turtles,Testudo_graeca,TSD,species.in.TreeOfSex,,,0.387,,,,,,,31,692
466,turtles,Testudo_graeca,TSD,species.in.TreeOfSex,,,0.534,,,,,,,73,692
467,turtles,Testudo_graeca,TSD,species.in.TreeOfSex,,,0.538,,,,,,,91,692
463,turtles,Testudo_graeca,TSD,species.in.TreeOfSex,,,0.611,7.0,8.5,,,,,163,"727, 720"
468,turtles,Testudo_graeca,TSD,species.in.TreeOfSex,,,,7.0,9.0,,,,,,m27
470,turtles,Testudo_graeca,TSD,species.in.TreeOfSex,,,,5.8,7.7,,,,,,m6
471,turtles,Testudo_graeca,TSD,species.in.TreeOfSex,,,,7.6,10.5,,,,,,m6
469,turtles,Testudo_graeca,TSD,species.in.TreeOfSex,,,,6.0,8.3,,,,,,m6
478,turtles,Testudo_hermanni,TSD,species.in.TreeOfSex,,,0.604,,,,,,,53,158
472,turtles,Testudo_hermanni,TSD,species.in.TreeOfSex,,,0.775,9.0,11.0,0.086,0.123,,,,690
475,turtles,Testudo_hermanni,TSD,species.in.TreeOfSex,,,0.375,12.0,13.0,,,,,48,703
476,turtles,Testudo_hermanni,TSD,species.in.TreeOfSex,,,0.667,,,,,,,82,708
477,turtles,Testudo_hermanni,TSD,species.in.TreeOfSex,,,0.584,,,,,,,178,712
473,turtles,Testudo_hermanni,TSD,species.in.TreeOfSex,,,0.929,,,,,,,1206,726
474,turtles,Testudo_hermanni,TSD,species.in.TreeOfSex,,,0.470,,,,,,,322,726
479,snakes,Thamnophis_marcianus,GSD,species.in.TreeOfSex,0.485,0.567,0.400,,,,,194,30,135,283
480,snakes,Thamnophis_proximus,GSD,genus.or.family.in.TreeOfSex,0.560,,,,,,,237,,,g1217
481,snakes,Thamnophis_radix,GSD,species.in.TreeOfSex,0.530,,,,,,,137,,,g1217
482,snakes,Thamnophis_radix,GSD,species.in.TreeOfSex,0.419,0.531,0.486,2.0,2.0,0.630,0.550,43,32,140,g99
483,snakes,Thamnophis_sauritus,GSD,genus.or.family.in.TreeOfSex,,,0.532,,,,,,,109,g80
484,snakes,Thamnophis_sauritus,GSD,genus.or.family.in.TreeOfSex,,,,2.0,2.0,,,,,,m17
485,snakes,Thamnophis_scalaris,GSD,genus.or.family.in.TreeOfSex,0.321,,,,,,,28,,,g18
486,snakes,Thamnophis_sirtalis,GSD,genus.or.family.in.TreeOfSex,,,0.595,,,,,,,74,211
487,snakes,Thamnophis_sirtalis,GSD,genus.or.family.in.TreeOfSex,0.510,,,,,,,652,,,g1217
490,snakes,Thamnophis_sirtalis,GSD,genus.or.family.in.TreeOfSex,,,,1.7,2.0,,,,,,m17
488,snakes,Thamnophis_sirtalis,GSD,genus.or.family.in.TreeOfSex,0.470,,,,,,,,,,new79
489,snakes,Thamnophis_sirtalis,GSD,genus.or.family.in.TreeOfSex,0.553,,,,,,,197,,,new79
2068b,turtles,Trachemys_adiutrix,TSD,species.in.TreeOfSex,,,0.429,,,,,,,35,2068
492,turtles,Trachemys_scripta,TSD,species.in.TreeOfSex,,,0.473,,,,,,,635,139
506,turtles,Trachemys_scripta,TSD,species.in.TreeOfSex,,,0.524,,,,,,,5053,140
503,turtles,Trachemys_scripta,TSD,species.in.TreeOfSex,,,0.424,,,,,,,1070,481
504,turtles,Trachemys_scripta,TSD,species.in.TreeOfSex,,,0.375,,,,,,,40,481
491,turtles,Trachemys_scripta,TSD,species.in.TreeOfSex,0.780,,0.686,,,,,9,,283,503
497,turtles,Trachemys_scripta,TSD,species.in.TreeOfSex,,,0.638,,,,,,,320,505
505,turtles,Trachemys_scripta,TSD,species.in.TreeOfSex,,,0.442,,,,,,,77,518
507,turtles,Trachemys_scripta,TSD,species.in.TreeOfSex,,,0.469,,,,,,,179,540
499,turtles,Trachemys_scripta,TSD,species.in.TreeOfSex,,,0.728,,,,,,,2168,559
493,turtles,Trachemys_scripta,TSD,species.in.TreeOfSex,,,0.548,,,,,,,93,682
494,turtles,Trachemys_scripta,TSD,species.in.TreeOfSex,,,0.578,,,,,,,187,682
495,turtles,Trachemys_scripta,TSD,species.in.TreeOfSex,,,0.588,,,,,,,68,682
496,turtles,Trachemys_scripta,TSD,species.in.TreeOfSex,,,0.733,,,,,,,2017,682
500,turtles,Trachemys_scripta,TSD,species.in.TreeOfSex,,,0.463,,,,,,,54,g46
501,turtles,Trachemys_scripta,TSD,species.in.TreeOfSex,,,0.713,,,,,,,122,g46
502,turtles,Trachemys_scripta,TSD,species.in.TreeOfSex,,,0.453,,,,,,,117,g46
498,turtles,Trachemys_scripta,TSD,species.in.TreeOfSex,,0.593,0.682,3.5,7.5,0.246,0.141,,91,179,g62
508,turtles,Trachemys_scripta,TSD,species.in.TreeOfSex,0.630,,,,,,,568,,,g65
509,snakes,Trimeresurus_stejnegeri,GSD,genus.or.family.in.TreeOfSex,0.556,0.529,0.736,,,,,90,68,178,g71
511,lizards,Tropidurus_albemarlensis,GSD,genus.or.family.in.TreeOfSex,,,,2.7,3.0,,,,,,m12
510,lizards,Tropidurus_albemarlensis,GSD,genus.or.family.in.TreeOfSex,,,0.383,,,,,,,201,na3
512,lizards,Tropidurus_hispidus,GSD,species.in.TreeOfSex,,0.273,0.421,,,,,,22,235,176
513,lizards,Tropidurus_itambere,GSD,genus.or.family.in.TreeOfSex,,0.490,0.460,0.4,0.4,0.759,0.674,,290,255,144
514,lizards,Tropidurus_torquatus,GSD,species.in.TreeOfSex,,0.420,0.389,0.3,0.4,0.836,0.873,,50,190,"new81, m55"
515,lizards,Underwoodisaurus_milii,GSD,species.in.TreeOfSex,,,0.519,,,,,,,79,1037
516,lizards,Underwoodisaurus_milii,GSD,species.in.TreeOfSex,,,0.500,,,,,,,30,1037
517,lizards,Uta_stansburiana,GSD,species.in.TreeOfSex,0.520,0.468,0.510,0.8,0.8,,,126,111,1009,"g10, m51"
518,lizards,Uta_stansburiana,GSD,species.in.TreeOfSex,0.494,,0.463,,,0.492,0.486,87,,326,g49
519,lizards,Uta_stansburiana,GSD,species.in.TreeOfSex,,,,,,0.670,0.630,,,143,new82
520,lizards,Uta_stansburiana,GSD,species.in.TreeOfSex,,,0.442,,,,,,,1884,v31
521,lizards,Varanus_albigularis,GSD,species.in.TreeOfSex,,,0.561,,,,,,,205,na5
522,lizards,Varanus_salvator,TSD,species.in.TreeOfSex,,,0.485,2.0,2.0,,,,,33,1030
523,snakes,Vipera_aspis,GSD,species.in.TreeOfSex,,,0.531,,,,,,,988,220
524,snakes,Vipera_aspis,GSD,species.in.TreeOfSex,,,,1.0,3.0,,,,,,m21
527,snakes,Vipera_berus,GSD,species.in.TreeOfSex,,,0.580,,,0.333,0.473,,,352,202
526,snakes,Vipera_berus,GSD,species.in.TreeOfSex,0.434,,0.558,3.5,4.5,0.250,0.290,401,,86,"new83, new84"
525,snakes,Vipera_berus,GSD,species.in.TreeOfSex,0.506,,0.510,,,0.320,0.140,79,,155,v33
528,snakes,Vipera_ursinii,GSD,species.in.TreeOfSex,0.490,,,,,,,360,,,g11
529,snakes,Xenochrophis_piscator,GSD,species.in.TreeOfSex,0.550,,,,,,,249,,,g81